ENTITYA	TYPEA	IDA	DATABASEA	ENTITYB	TYPEB	IDB	DATABASEB	EFFECT	MECHANISM	RESIDUE	SEQUENCE	TAX_ID	CELL_DATA	TISSUE_DATA	MODULATOR_COMPLEX	TARGET_COMPLEX	MODIFICATIONA	MODASEQ	MODIFICATIONB	MODBSEQ	PMID	DIRECT	NOTES	ANNOTATOR	SENTENCE	SCORE	SIGNOR_ID
REN	protein	P00797	UNIPROT	Angiotensin-1	protein	P01019-PRO_0000032457	UNIPROT	up-regulates quantity	cleavage			9606									32201502	YES		miannu	Renin is an aspartic protease that enzymatically cleaves its substrate angiotensinogen, which is produced by the liver, to form an inactive peptide: angiotensin (Ang)I or Ang (1–10).	0.2	SIGNOR-260225
AGTR1	protein	P30556	UNIPROT	Fibrosis	phenotype	SIGNOR-PH90	SIGNOR	up-regulates				9606									32201502	NO		MIANNU	Ang II binding to AT1 receptors has been implicated in inflammatory responses. Activation of this Ang II–AT1 receptor-dependent pathway is widely accepted to lead to organ damage and fibrosis.	0.7	SIGNOR-260234
TGFBR1	protein	P36897	UNIPROT	SMAD3	protein	P84022	UNIPROT	up-regulates activity	phosphorylation	Ser423	SPSIRCSsVS	10090	BTO:0005493;BTO:0000165								19458083	YES		lperfetto	A major event leading to smad3 activation is the tgf-beta-induced, tbetari-mediated phosphorylation at two c-terminal serine residues, ser-423 and ser-425, which triggers dissociation of smad3 from its receptors to form a complex with smad4 and accumulate in the nucleus	0.813	SIGNOR-235385
ACE2	protein	Q9BYF1	UNIPROT	Angiotensin 1-7	protein	P01019-PRO_0000420660	UNIPROT	up-regulates quantity	cleavage			9606									32201502	YES		miannu	At first, ACE2 has been demonstrated to induce conversion of Ang I into Ang (1–7) by means of intermediate production of Ang (1–9), a fragment with unknown function.	0.2	SIGNOR-260227
TGFBR2	protein	P37173	UNIPROT	TGFBR1	protein	P36897	UNIPROT	up-regulates activity	phosphorylation	Thr176	PFISEGTtLKDLIYD	9606									8576253	YES		lperfetto	Recent studies have revealed that upon TGF-beta binding several serine and threonine residues in the GS domain of TGF-beta type I receptor (T beta R-I) are phosphorylated by TGF-beta type II receptor (T beta R-II) and that the phosphorylation of GS domain is essential for TGF-beta signalingThese observations indicate that serine 172 and threonine 176 of T beta R-I are dispensable for extracellular matrix protein production but essential to the growth inhibition by TGF-beta	0.716	SIGNOR-246732
ACE	protein	P12821	UNIPROT	Angiotensin-2	protein	P01019-PRO_0000032458	UNIPROT	up-regulates quantity	cleavage			9606									32201502	YES		MIANNU	Ang I is subsequently converted into the major RAS effector peptide Ang II or Ang (1–8), through activity of the zinc-dependent protease ACE, which hydrolyzes two amino acids from the carboxy terminus of Ang I	0.2	SIGNOR-260236
AGT	protein	P01019	UNIPROT	REN	protein	P00797	UNIPROT	up-regulates activity	binding			9606									32201502	YES		miannu	Renin is an aspartic protease that enzymatically cleaves its substrate angiotensinogen, which is produced by the liver, to form an inactive peptide: angiotensin (Ang)I or Ang (1–10).	0.928	SIGNOR-260224
NfKb-p65/p50	complex	SIGNOR-C13	SIGNOR	Fibrosis	phenotype	SIGNOR-PH90	SIGNOR	up-regulates				9606									24168260	NO		miannu	NF-κB, which can be activated by mitogen-activated protein kinases (MAPKs) (12), is responsible for the transcription of inflammatory factors and profibrotic cytokines, which promote an inflammatory response and fibrosis	0.7	SIGNOR-260446
EP300	protein	Q09472	UNIPROT	SMAD3	protein	P84022	UNIPROT	up-regulates quantity by stabilization	acetylation	Lys378	TIRMSFVkGWGAEYR	9606									16862174	YES		miannu	Smad proteins are crucial for the intracellular signaling of transforming growth factor-beta (TGF-beta). Upon their receptor-induced activation, Smad proteins are phosphorylated and translocated to the nucleus to activate the transcription of a select set of target genes. Here, we show that the co-activator p300/CBP bound and acetylated Smad3 as well as Smad2 in vivo, and that the acetylation was stimulated by TGF-beta.A major acetylation site of Smad3 by p300/CBP is Lys-378 in the MH2 domain (Smad3C) known to be critical for the regulation of transcriptional activity.	0.737	SIGNOR-260431
SMAD7	protein	O15105	UNIPROT	TGFBR1	protein	P36897	UNIPROT	down-regulates activity	binding			9606									30017632	YES		miannu	Smad7 inhibits both transforming growth factor β (TGF-β)- and BMP-induced Smad signaling.  Smad7 can use both surfaces in its interaction with the ALK-2, -3, and -4 receptors, but only the basic groove is used in the interaction between Smad7 and the TGF-β type I receptor (TβRI, also known as ALK-5).	0.789	SIGNOR-260438
TGFBR1	protein	P36897	UNIPROT	SERPINE1	protein	P05121	UNIPROT	up-regulates quantity by expression	transcriptional regulation			9606									28520219	NO		miannu	The transforming growth factor-β pathway is the major driver of fibrotic response. Plasminogen activator inhibitor-1 (PAI-1) is a crucial downstream target of this pathway. Transforming growth factor-β positively regulates PAI-1 gene expression via two main pathways including Smad-mediated canonical and non-canonical pathways.	0.437	SIGNOR-260590
TGFBR1	protein	P36897	UNIPROT	SMAD3	protein	P84022	UNIPROT	up-regulates activity	phosphorylation	Ser425	SIRCSSVs	10090	BTO:0005493;BTO:0000165								19458083	YES		lperfetto	A major event leading to Smad3 activation is the TGF-beta-induced, TbetaRI-mediated phosphorylation at two C-terminal serine residues, Ser-423 and Ser-425, which triggers dissociation of Smad3 from its receptors to form a complex with Smad4 and accumulate in the nucleus	0.813	SIGNOR-235380
SMAD3	protein	P84022	UNIPROT	Fibrosis	phenotype	SIGNOR-PH90	SIGNOR	up-regulates				9606									30017632	NO		miannu	Transforming growth factor-β1 (TGF-β1) is considered as a crucial mediator in tissue fibrosis and causes tissue scarring largely by activating its downstream small mother against decapentaplegic (Smad) signaling. Different TGF-β signalings play different roles in fibrogenesis. TGF-β1 directly activates Smad signaling which triggers pro-fibrotic gene overexpression. Excessive studies have demonstrated that dysregulation of TGF-β1/Smad pathway was an important pathogenic mechanism in tissue fibrosis. Smad2 and Smad3 are the two major downstream regulator that promote TGF-β1-mediated tissue fibrosis, while Smad7 serves as a negative feedback regulator of TGF-β1/Smad pathway thereby protects against TGF-β1-mediated fibrosis.	0.7	SIGNOR-260432
Angiotensin 1-7	protein	P01019-PRO_0000420660	UNIPROT	MAS1	protein	P04201	UNIPROT	up-regulates activity	binding			9606									23488800	YES		miannu	Recent advances have improved our understanding of the renin-angiotensin system (RAS). These have included the recognition that angiotensin (Ang)-(1-7) is a biologically active product of the RAS cascade. The identification of the ACE homologue ACE2, which forms Ang-(1-7) from Ang II, and the GPCR Mas as an Ang-(1-7) receptor have provided the necessary biochemical and molecular background and tools to study the biological significance of Ang-(1-7).	0.2	SIGNOR-260229
SERPINE1	protein	P05121	UNIPROT	Fibrosis	phenotype	SIGNOR-PH90	SIGNOR	up-regulates				9606									29474926	NO		miannu	Plasminogen activator inhibitor-1 (PAI-1) formed in the injured alveolar epithelium also contributes to pulmonary fibrosis in a manner that involves vitronectin binding.	0.7	SIGNOR-260588
Angiotensin-2	protein	P01019-PRO_0000032458	UNIPROT	AGTR1	protein	P30556	UNIPROT	up-regulates activity	binding			9606									32201502	YES		MIANNU	Ang II initiates most of the RAS-attributed physiologic effects through selective interactions with G-proteincoupled Ang II type 1 (AT1) or type 2 (AT2) receptors and subsequent activation of distinct intra cellular signaling pathways	0.2	SIGNOR-260238
BCL2L11	protein	O43521	UNIPROT	Apoptosis	phenotype	SIGNOR-PH2	SIGNOR	up-regulates				9606	BTO:0000972								17960585	NO		miannu	Transforming growth factor-beta (TGF-beta) signaling is known to depend on the formation of Smad2/3-Smad4 transcription regulatory complexes. Functional analysis revealed that Smad3 and Smad4 were the predominant mediators of TGF-beta-induced apoptosis in Hep3B cells. We provide evidence that up-regulation of Bcl-2-interacting mediator of cell death (Bim), under the transcriptional control of Smad3-Smad4 signaling, is crucial to TGF-beta-induced apoptosis in Hep3B cells.	0.7	SIGNOR-260426
Angiotensin-2	protein	P01019-PRO_0000032458	UNIPROT	AGTR2	protein	P50052	UNIPROT	up-regulates activity	binding			9606									32201502	YES		MIANNU	Ang II initiates most of the RAS-attributed physiologic effects through selective interactions with G-proteincoupled Ang II type 1 (AT1) or type 2 (AT2) receptors and subsequent activation of distinct intra cellular signaling pathways	0.2	SIGNOR-260237
MAS1	protein	P04201	UNIPROT	Inflammation	phenotype	SIGNOR-PH12	SIGNOR	down-regulates				9606									23488800	NO		miannu	The discovery that Ang-(1-7) offsets the major biological effects of Ang II has contributed to the realization that the RAS is composed of two opposing axes. The first axis is constituted by the enzyme ACE, with Ang II as the end product, and the AT1 receptor as the main effector mediating the biological actions of Ang II. The second axis results from ACE2-mediated hydrolysis of Ang II, leading to production of Ang-(1-7), with Mas receptor as the main effector conveying the vasodilator, antiproliferative, anti-inflammatory and anti-fibrotic effects of Ang-(1-7). Activation of the ACE2/Ang-(1-7)/Mas axis decreases inflammatory cell function and fibrogenesis in diverse models of human diseases.	0.7	SIGNOR-260228
Angiotensin-1	protein	P01019-PRO_0000032457	UNIPROT	ACE	protein	P12821	UNIPROT	up-regulates activity	binding			9606									32201502	YES		MIANNU	Ang I is subsequently converted into the major RAS effector peptide Ang II or Ang (1–8), through activity of the zinc-dependent protease ACE, which hydrolyzes two amino acids from the carboxy terminus of Ang I	0.2	SIGNOR-260231
AGTR2	protein	P50052	UNIPROT	Apoptosis	phenotype	SIGNOR-PH2	SIGNOR	up-regulates				9606									32201502	NO		MIANNU	AT2 receptor stimulation has been associated, for instance, with protection of the brain against ischemia [94]. In essence, AT2 receptors are linked to vasodilatation, release of nitric oxide, tissue development and remodeling, by stimulating apoptosis and inhibition of cell growth	0.7	SIGNOR-260232
Angiotensin 1-7	protein	P01019-PRO_0000420660	UNIPROT	NfKb-p65/p50	complex	SIGNOR-C13	SIGNOR	down-regulates activity				9606									24168260	NO		miannu	We hypothesized that the ACE2/Ang-(1-7)/Mas axis protects against pulmonary fibrosis by inhibiting the MAPK/NF-κB pathway.In summary, our study demonstrate that exogenous Ang-(1-7) and ACE2 overexpression protect against BLM- or AngII-induced pulmonary fibrosis by down-regulating the MAPK/NF-κB pathway. However, constant infusion of Ang-(1-7) paradoxically initiates an inflammatory response in the lungs. The antifibrotic effects of Ang-(1-7) noted here make the heptapeptide a strong candidate for a therapeutic target in humans with pulmonary fibrosis.	0.2	SIGNOR-260447
Angiotensin-1	protein	P01019-PRO_0000032457	UNIPROT	ACE2	protein	Q9BYF1	UNIPROT	up-regulates activity	binding			9606									32201502	YES		miannu	At first, ACE2 has been demonstrated to induce conversion of Ang I into Ang (1–7) by means of intermediate production of Ang (1–9), a fragment with unknown function.	0.2	SIGNOR-260226
NfKb-p65/p50	complex	SIGNOR-C13	SIGNOR	Inflammation	phenotype	SIGNOR-PH12	SIGNOR	up-regulates				9606									24168260	NO		miannu	NF-κB, which can be activated by mitogen-activated protein kinases (MAPKs) (12), is responsible for the transcription of inflammatory factors and profibrotic cytokines, which promote an inflammatory response and fibrosis	0.7	SIGNOR-260445
SMAD3/SMAD4	complex	SIGNOR-C9	SIGNOR	BCL2L11	protein	O43521	UNIPROT	up-regulates quantity by expression	transcriptional regulation			9606									17960585	NO		miannu	Transforming growth factor-beta (TGF-beta) signaling is known to depend on the formation of Smad2/3-Smad4 transcription regulatory complexes. Functional analysis revealed that Smad3 and Smad4 were the predominant mediators of TGF-beta-induced apoptosis in Hep3B cells. We provide evidence that up-regulation of Bcl-2-interacting mediator of cell death (Bim), under the transcriptional control of Smad3-Smad4 signaling, is crucial to TGF-beta-induced apoptosis in Hep3B cells.	0.498	SIGNOR-260425
TGFb	proteinfamily	SIGNOR-PF5	SIGNOR	TGFBR2	protein	P37173	UNIPROT	up-regulates activity	binding			9606									22326956	YES		miannu	TGF-beta signaling mediates a wide range of biological activities in development and disease. TGF-beta ligands signal through heterodimeric type I and type II receptors (TGF-beta receptor type I [TbetaRI, also known as ALK5 and TGFBR1] and TbetaRII) that are members of the serine/threonine kinase family.	0.2	SIGNOR-256178
TGFBR2	protein	P37173	UNIPROT	TGFBR1	protein	P36897	UNIPROT	up-regulates activity	phosphorylation	Ser172	SLDRPFIsEGTTLKD	9606									8576253	YES		lperfetto	Recent studies have revealed that upon TGF-beta binding several serine and threonine residues in the GS domain of TGF-beta type I receptor (T beta R-I) are phosphorylated by TGF-beta type II receptor (T beta R-II) and that the phosphorylation of GS domain is essential for TGF-beta signalingThese observations indicate that serine 172 and threonine 176 of T beta R-I are dispensable for extracellular matrix protein production but essential to the growth inhibition by TGF-beta	0.716	SIGNOR-246728
AGTR1	protein	P30556	UNIPROT	Inflammation	phenotype	SIGNOR-PH12	SIGNOR	up-regulates				9606									32201502	NO		MIANNU	Ang II binding to AT1 receptors has been implicated in inflammatory responses. Activation of this Ang II–AT1 receptor-dependent pathway is widely accepted to lead to organ damage and fibrosis.	0.7	SIGNOR-260233
TGFb	proteinfamily	SIGNOR-PF5	SIGNOR	TGFBR2	protein	P37173	UNIPROT	up-regulates activity	binding			9606	BTO:0000801								22703233	YES		miannu	TGFbeta signals are transmitted via a cell surface receptor complex consisting of the TGFbeta type I receptor (TbetaRI) and TGFbeta type II receptor (TbetaRII). To initiate signal transduction, TGFbeta binds to TbetaRII, which in turn recruits TbetaRI, leading to the formation of a tetrameric receptor complex.	0.2	SIGNOR-256179
SMAD3	protein	P84022	UNIPROT	SMAD3/SMAD4	complex	SIGNOR-C9	SIGNOR	form complex	binding			9606									9843571	YES		lperfetto	TGF-beta treatment initiates a kinase cascade that results in the phosphorylation of Smad3, followed by its heteromerization with Smad4 and subsequent translocation into the nucleus.	0.705	SIGNOR-229557
SMAD7	protein	O15105	UNIPROT	SMAD3	protein	P84022	UNIPROT	down-regulates quantity	transcriptional regulation			9606									30017632	YES		miannu	The downstream molecules including mad2, smad3, smad4 and smad7 are involved in TGF-β1-induced EMT,while Smad7 blocks the smad3 expression	0.611	SIGNOR-260437